1765633754.6330278,4,btc-updown-15m-1765633500,1.73,LOCK_CANDIDATE,0.010,1725
1765633760.0207787,4,btc-updown-15m-1765633500,1.04,LOCK_CANDIDATE,0.010,1040
1765633765.570482,4,btc-updown-15m-1765633500,0.66,LOCK_CANDIDATE,0.030,1985
1765633770.9212916,4,btc-updown-15m-1765633500,0.66,LOCK_CANDIDATE,0.020,1315
1765633776.3247695,4,btc-updown-15m-1765633500,2.11,LOCK_CANDIDATE,0.010,2114
1765633781.69489,4,btc-updown-15m-1765633500,2.21,LOCK_CANDIDATE,0.010,2213
1765633787.009893,4,btc-updown-15m-1765633500,1.65,LOCK_CANDIDATE,0.010,1652
1765633792.4342058,4,btc-updown-15m-1765633500,0.98,LOCK_CANDIDATE,0.020,1969
1765633797.8014708,4,btc-updown-15m-1765633500,1.51,LOCK_CANDIDATE,0.010,1510
1765633803.3748894,4,eth-updown-15m-1765633500,0.50,LOCK_CANDIDATE,0.030,1502
1765633809.2007785,4,btc-updown-15m-1765633500,0.96,LOCK_CANDIDATE,0.020,1925
1765633814.7731712,4,btc-updown-15m-1765633500,0.80,LOCK_CANDIDATE,0.020,1598
1765633820.2161624,4,btc-updown-15m-1765633500,0.57,LOCK_CANDIDATE,0.030,1718
1765633825.7245066,4,btc-updown-15m-1765633500,1.14,LOCK_CANDIDATE,0.020,2275
1765633831.078245,4,btc-updown-15m-1765633500,1.23,LOCK_CANDIDATE,0.020,2456
1765633836.497807,4,btc-updown-15m-1765633500,1.26,LOCK_CANDIDATE,0.010,1260
1765633841.8869832,4,btc-updown-15m-1765633500,2.23,LOCK_CANDIDATE,0.010,2228
1765633847.2141347,4,btc-updown-15m-1765633500,0.70,LOCK_CANDIDATE,0.020,1395
1765633852.5725083,4,btc-updown-15m-1765633500,2.00,LOCK_CANDIDATE,0.010,1999
1765633857.9167378,4,btc-updown-15m-1765633500,2.03,LOCK_CANDIDATE,0.010,2030
1765633863.3484316,4,btc-updown-15m-1765633500,1.75,LOCK_CANDIDATE,0.010,1748
1765633868.7920308,4,btc-updown-15m-1765633500,0.99,LOCK_CANDIDATE,0.020,1970
1765633874.2091384,4,btc-updown-15m-1765633500,2.32,LOCK_CANDIDATE,0.010,2320
1765633879.6195319,4,btc-updown-15m-1765633500,1.17,LOCK_CANDIDATE,0.020,2338
1765633885.0740376,4,btc-updown-15m-1765633500,0.99,LOCK_CANDIDATE,0.020,1988
1765633890.405961,4,btc-updown-15m-1765633500,1.28,LOCK_CANDIDATE,0.020,2570
1765633895.733176,4,btc-updown-15m-1765633500,1.11,LOCK_CANDIDATE,0.020,2227
1765633901.1149101,4,btc-updown-15m-1765633500,1.73,LOCK_CANDIDATE,0.010,1731
1765633906.4793313,4,btc-updown-15m-1765633500,1.14,LOCK_CANDIDATE,0.020,2281
1765633911.828504,4,btc-updown-15m-1765633500,0.72,LOCK_CANDIDATE,0.020,1430
1765633917.2826128,4,btc-updown-15m-1765633500,1.26,LOCK_CANDIDATE,0.020,2522
1765633922.6045597,4,btc-updown-15m-1765633500,1.13,LOCK_CANDIDATE,0.020,2259
1765633927.930958,4,btc-updown-15m-1765633500,2.58,LOCK_CANDIDATE,0.010,2580
1765633933.2703168,4,btc-updown-15m-1765633500,2.55,LOCK_CANDIDATE,0.010,2549
1765633938.661999,4,btc-updown-15m-1765633500,1.15,LOCK_CANDIDATE,0.030,3449
1765633943.9933958,4,btc-updown-15m-1765633500,1.45,LOCK_CANDIDATE,0.020,2907
1765633949.3648906,4,btc-updown-15m-1765633500,1.14,LOCK_CANDIDATE,0.030,3430
1765633954.8247557,4,btc-updown-15m-1765633500,1.70,LOCK_CANDIDATE,0.020,3405
1765633960.268058,4,btc-updown-15m-1765633500,1.45,LOCK_CANDIDATE,0.020,2893
1765633965.8975897,4,btc-updown-15m-1765633500,1.49,LOCK_CANDIDATE,0.020,2978
1765633971.532951,4,btc-updown-15m-1765633500,2.54,LOCK_CANDIDATE,0.010,2544
1765633976.9567926,4,btc-updown-15m-1765633500,3.38,LOCK_CANDIDATE,0.010,3376
1765633982.2895827,4,btc-updown-15m-1765633500,2.38,LOCK_CANDIDATE,0.010,2384
1765633987.6475632,4,btc-updown-15m-1765633500,2.81,LOCK_CANDIDATE,0.010,2807
1765633992.9731455,4,btc-updown-15m-1765633500,1.62,LOCK_CANDIDATE,0.020,3235
1765634002.0803213,4,btc-updown-15m-1765633500,1.73,LOCK_CANDIDATE,0.020,3465
1765634046.9403305,4,btc-updown-15m-1765633500,2.46,LOCK_CANDIDATE,0.010,2457
1765634091.941227,4,eth-updown-15m-1765633500,0.62,LOCK_CANDIDATE,0.010,619
1765634400.0502913,0,,-1.00,NO_CANDIDATES,,
1765634405.5823772,0,,-1.00,NO_CANDIDATES,,
1765634411.0661674,0,,-1.00,NO_CANDIDATES,,
1765634416.6372924,0,,-1.00,NO_CANDIDATES,,
1765634422.2386122,0,,-1.00,NO_CANDIDATES,,
1765634428.1522837,0,,-1.00,NO_CANDIDATES,,
1765634433.9506433,0,,-1.00,NO_CANDIDATES,,
1765634439.6403954,0,,-1.00,NO_CANDIDATES,,
1765634445.1513221,0,,-1.00,NO_CANDIDATES,,
1765634450.7386973,4,btc-updown-15m-1765634400,0.70,LOCK_CANDIDATE,0.020,1393
1765649053.2443268,4,xrp-updown-15m-1765648800,1.01,LOCK_CANDIDATE,0.010,1013
1765649098.3816352,4,btc-updown-15m-1765648800,1.99,LOCK_CANDIDATE,0.010,1990
1765649700.0328133,0,,-1.00,NO_CANDIDATES,,
1765649705.764752,0,,-1.00,NO_CANDIDATES,,
1765649711.4971197,0,,-1.00,NO_CANDIDATES,,
1765649717.2890732,0,,-1.00,NO_CANDIDATES,,
1765649723.1597726,0,,-1.00,NO_CANDIDATES,,
1765649728.9028103,0,,-1.00,NO_CANDIDATES,,
1765651167.7253294,4,btc-updown-15m-1765650600,0.70,LOCK_CANDIDATE,0.030,2102
1765651172.7439744,4,btc-updown-15m-1765650600,1.04,LOCK_CANDIDATE,0.020,2087
1765651223.516213,4,btc-updown-15m-1765650600,0.59,LOCK_CANDIDATE,0.030,1758
1765651229.2677178,4,btc-updown-15m-1765650600,0.59,LOCK_CANDIDATE,0.030,1778
1765651234.581217,4,eth-updown-15m-1765650600,1.04,LOCK_CANDIDATE,0.010,1042
1765651335.3869424,0,,-1.00,NO_CANDIDATES,,
1765651340.972062,0,,-1.00,NO_CANDIDATES,,
1765651346.680514,0,,-1.00,NO_CANDIDATES,,
1765651352.375299,0,,-1.00,NO_CANDIDATES,,
1765651357.9277573,0,,-1.00,NO_CANDIDATES,,
1765651363.4906874,0,,-1.00,NO_CANDIDATES,,
1765651369.058195,0,,-1.00,NO_CANDIDATES,,
1765651374.8085797,0,,-1.00,NO_CANDIDATES,,
1765651380.4558666,0,,-1.00,NO_CANDIDATES,,
1765651386.0268698,0,,-1.00,NO_CANDIDATES,,
1765651391.6040666,0,,-1.00,NO_CANDIDATES,,
1765651397.2078755,0,,-1.00,NO_CANDIDATES,,
1765651402.7765148,0,,-1.00,NO_CANDIDATES,,
1765651408.3568718,0,,-1.00,NO_CANDIDATES,,
1765651414.0812457,0,,-1.00,NO_CANDIDATES,,
1765651419.7054904,0,,-1.00,NO_CANDIDATES,,
1765651425.305121,0,,-1.00,NO_CANDIDATES,,
1765651430.8151646,0,,-1.00,NO_CANDIDATES,,
1765651436.3778956,0,,-1.00,NO_CANDIDATES,,
1765651441.895881,0,,-1.00,NO_CANDIDATES,,
1765651447.43469,0,,-1.00,NO_CANDIDATES,,
1765651452.9608693,0,,-1.00,NO_CANDIDATES,,
1765651458.5202353,0,,-1.00,NO_CANDIDATES,,
1765651464.0704029,0,,-1.00,NO_CANDIDATES,,
1765651469.614423,0,,-1.00,NO_CANDIDATES,,
1765651475.2022498,0,,-1.00,NO_CANDIDATES,,
1765651480.793097,0,,-1.00,NO_CANDIDATES,,
1765651486.5519006,0,,-1.00,NO_CANDIDATES,,
1765651492.098808,0,,-1.00,NO_CANDIDATES,,
1765651497.6995466,0,,-1.00,NO_CANDIDATES,,
1765651503.2909281,0,,-1.00,NO_CANDIDATES,,
1765651508.887135,0,,-1.00,NO_CANDIDATES,,
1765651514.4523706,0,,-1.00,NO_CANDIDATES,,
1765651520.0451384,0,,-1.00,NO_CANDIDATES,,
1765651525.6297882,0,,-1.00,NO_CANDIDATES,,
1765651531.3047097,0,,-1.00,NO_CANDIDATES,,
1765651536.928857,0,,-1.00,NO_CANDIDATES,,
1765651542.5691996,0,,-1.00,NO_CANDIDATES,,
1765651548.0865183,1,xrp-updown-15m-1765651500,0.00,LOW_SCORE,0.040,0
1765651553.0868287,4,btc-updown-15m-1765651500,0.93,LOCK_CANDIDATE,0.020,1860
1765651558.6361892,4,btc-updown-15m-1765651500,1.06,LOCK_CANDIDATE,0.020,2129
1765651662.3816476,4,btc-updown-15m-1765651500,1.73,LOCK_CANDIDATE,0.010,1728
1765651707.417153,4,btc-updown-15m-1765651500,0.84,LOCK_CANDIDATE,0.020,1687
1765651712.968911,4,btc-updown-15m-1765651500,0.30,LOCK_CANDIDATE,0.020,598
1765651718.3498602,4,btc-updown-15m-1765651500,1.11,LOCK_CANDIDATE,0.010,1109
1765651764.1092794,4,btc-updown-15m-1765651500,1.26,LOCK_CANDIDATE,0.010,1256
1765651809.1885889,4,btc-updown-15m-1765651500,1.32,LOCK_CANDIDATE,0.010,1318
1765651854.276479,4,btc-updown-15m-1765651500,1.35,LOCK_CANDIDATE,0.020,2697
1765651899.3119576,4,btc-updown-15m-1765651500,2.08,LOCK_CANDIDATE,0.010,2077
1765651945.046971,4,btc-updown-15m-1765651500,1.25,LOCK_CANDIDATE,0.010,1250
1765651990.0523992,4,btc-updown-15m-1765651500,1.00,LOCK_CANDIDATE,0.020,1998
1765651995.5008729,4,btc-updown-15m-1765651500,0.75,LOCK_CANDIDATE,0.030,2248
1765652000.7842739,4,btc-updown-15m-1765651500,0.84,LOCK_CANDIDATE,0.020,1678
1765652006.0919003,4,btc-updown-15m-1765651500,1.13,LOCK_CANDIDATE,0.010,1134
1765652051.1147082,4,btc-updown-15m-1765651500,0.00,LOW_SCORE,0.000,0
1765652056.1743941,4,btc-updown-15m-1765651500,0.00,LOW_SCORE,0.000,0
1765652061.5740113,4,btc-updown-15m-1765651500,0.00,LOW_SCORE,0.000,0
1765652066.9275978,4,btc-updown-15m-1765651500,0.00,LOW_SCORE,0.000,0
1765652072.2767198,4,btc-updown-15m-1765651500,0.00,LOW_SCORE,0.000,0
1765652077.663013,4,btc-updown-15m-1765651500,0.00,LOW_SCORE,0.000,0
1765652083.0648344,4,btc-updown-15m-1765651500,0.00,LOW_SCORE,0.000,0
1765652088.4284046,4,btc-updown-15m-1765651500,0.00,LOW_SCORE,0.000,0
1765652093.7735593,4,btc-updown-15m-1765651500,0.00,LOW_SCORE,0.000,0
1765652099.164495,4,btc-updown-15m-1765651500,0.00,LOW_SCORE,0.000,0
1765652104.8543508,4,btc-updown-15m-1765651500,0.00,LOW_SCORE,0.000,0
1765652110.7055457,4,btc-updown-15m-1765651500,0.00,LOW_SCORE,0.000,0
1765652116.3760512,4,btc-updown-15m-1765651500,0.00,LOW_SCORE,0.000,0
1765652121.953142,4,btc-updown-15m-1765651500,0.00,LOW_SCORE,0.000,0
1765652127.50716,4,btc-updown-15m-1765651500,0.00,LOW_SCORE,0.000,0
1765652133.0607262,4,btc-updown-15m-1765651500,0.00,LOW_SCORE,0.000,0
1765652138.5660532,4,btc-updown-15m-1765651500,0.00,LOW_SCORE,0.000,0
1765652144.116401,4,btc-updown-15m-1765651500,0.00,LOW_SCORE,0.000,0
1765652149.6055095,4,btc-updown-15m-1765651500,0.00,LOW_SCORE,0.000,0
1765652155.1774597,4,btc-updown-15m-1765651500,0.00,LOW_SCORE,0.000,0
1765652160.7154994,4,btc-updown-15m-1765651500,0.00,LOW_SCORE,0.000,0
1765652166.1140556,4,btc-updown-15m-1765651500,0.00,LOW_SCORE,0.000,0
1765652171.6183739,4,btc-updown-15m-1765651500,0.00,LOW_SCORE,0.000,0
1765652176.9978712,4,btc-updown-15m-1765651500,0.00,LOW_SCORE,0.000,0
1765652182.3288052,4,btc-updown-15m-1765651500,0.00,LOW_SCORE,0.000,0
1765652187.9130075,4,btc-updown-15m-1765651500,0.00,LOW_SCORE,0.000,0
1765652193.4251766,4,btc-updown-15m-1765651500,0.00,LOW_SCORE,0.000,0
1765652198.8986807,4,btc-updown-15m-1765651500,0.00,LOW_SCORE,0.000,0
1765652204.2150228,4,btc-updown-15m-1765651500,0.00,LOW_SCORE,0.000,0
1765652209.5091558,4,btc-updown-15m-1765651500,0.00,LOW_SCORE,0.000,0
1765652214.9452448,4,btc-updown-15m-1765651500,0.00,LOW_SCORE,0.000,0
1765652220.3055058,0,,-1.00,NO_CANDIDATES,,
1765652225.8797753,0,,-1.00,NO_CANDIDATES,,
1765652235.240143,0,,-1.00,NO_CANDIDATES,,
1765652240.849858,0,,-1.00,NO_CANDIDATES,,
1765652246.5318058,0,,-1.00,NO_CANDIDATES,,
1765652252.148673,0,,-1.00,NO_CANDIDATES,,
1765652257.7085664,0,,-1.00,NO_CANDIDATES,,
1765652263.2421558,0,,-1.00,NO_CANDIDATES,,
1765652268.8104413,0,,-1.00,NO_CANDIDATES,,
1765652274.4469266,0,,-1.00,NO_CANDIDATES,,
1765652279.9951115,0,,-1.00,NO_CANDIDATES,,
1765652285.4951708,0,,-1.00,NO_CANDIDATES,,
1765652291.4185603,0,,-1.00,NO_CANDIDATES,,
1765652296.923974,0,,-1.00,NO_CANDIDATES,,
1765652302.4465377,0,,-1.00,NO_CANDIDATES,,
1765652308.0196397,0,,-1.00,NO_CANDIDATES,,
1765652313.587099,0,,-1.00,NO_CANDIDATES,,
1765652319.184575,0,,-1.00,NO_CANDIDATES,,
1765652324.9474404,0,,-1.00,NO_CANDIDATES,,
1765652330.57906,0,,-1.00,NO_CANDIDATES,,
1765652336.2065978,0,,-1.00,NO_CANDIDATES,,
1765652341.7969606,0,,-1.00,NO_CANDIDATES,,
1765652347.4382195,0,,-1.00,NO_CANDIDATES,,
1765652352.92948,0,,-1.00,NO_CANDIDATES,,
1765652358.4869854,0,,-1.00,NO_CANDIDATES,,
1765652364.032798,0,,-1.00,NO_CANDIDATES,,
1765652369.5281553,0,,-1.00,NO_CANDIDATES,,
1765652375.053438,0,,-1.00,NO_CANDIDATES,,
1765652380.6169934,0,,-1.00,NO_CANDIDATES,,
1765652386.1155188,0,,-1.00,NO_CANDIDATES,,
1765652391.6059752,0,,-1.00,NO_CANDIDATES,,
1765652397.169754,0,,-1.00,NO_CANDIDATES,,
1765652402.701248,0,,-1.00,NO_CANDIDATES,,
1765652408.255137,0,,-1.00,NO_CANDIDATES,,
1765652413.8102593,0,,-1.00,NO_CANDIDATES,,
1765652419.3106966,0,,-1.00,NO_CANDIDATES,,
1765652424.8815515,0,,-1.00,NO_CANDIDATES,,
1765652430.4004264,0,,-1.00,NO_CANDIDATES,,
1765652435.8883312,0,,-1.00,NO_CANDIDATES,,
1765652441.4774456,0,,-1.00,NO_CANDIDATES,,
1765652447.019449,0,,-1.00,NO_CANDIDATES,,
1765652452.5532374,4,btc-updown-15m-1765652400,0.75,LOCK_CANDIDATE,0.020,1502
1765652458.2055843,4,btc-updown-15m-1765652400,0.76,LOCK_CANDIDATE,0.010,762
1765652463.6123528,4,btc-updown-15m-1765652400,1.83,LOCK_CANDIDATE,0.010,1834
1765652509.0263078,4,eth-updown-15m-1765652400,0.37,LOCK_CANDIDATE,0.010,368
1765652514.620091,4,eth-updown-15m-1765652400,1.41,LOCK_CANDIDATE,0.010,1407
1765652559.6647377,4,btc-updown-15m-1765652400,0.73,LOCK_CANDIDATE,0.010,729
1765652565.253293,4,eth-updown-15m-1765652400,1.39,LOCK_CANDIDATE,0.010,1395
1765652610.3422346,4,btc-updown-15m-1765652400,1.96,LOCK_CANDIDATE,0.010,1965
1765652656.0548584,4,btc-updown-15m-1765652400,1.12,LOCK_CANDIDATE,0.020,2242
1765652701.0941582,4,btc-updown-15m-1765652400,0.82,LOCK_CANDIDATE,0.030,2446
1765652706.620166,4,btc-updown-15m-1765652400,0.82,LOCK_CANDIDATE,0.010,820
1765652711.9295073,4,btc-updown-15m-1765652400,1.00,LOCK_CANDIDATE,0.020,2009
1765652756.9885323,4,btc-updown-15m-1765652400,1.70,LOCK_CANDIDATE,0.010,1697
1765652802.0248988,4,eth-updown-15m-1765652400,0.68,LOCK_CANDIDATE,0.020,1364
1765652807.1004858,4,eth-updown-15m-1765652400,0.80,LOCK_CANDIDATE,0.020,1600
1765652812.5727892,4,btc-updown-15m-1765652400,1.64,LOCK_CANDIDATE,0.010,1635
1765652858.0437548,4,btc-updown-15m-1765652400,1.74,LOCK_CANDIDATE,0.010,1739
1765652903.124112,4,btc-updown-15m-1765652400,1.03,LOCK_CANDIDATE,0.010,1026
1765652948.1811354,4,btc-updown-15m-1765652400,1.13,LOCK_CANDIDATE,0.010,1134
1765652993.237681,4,btc-updown-15m-1765652400,1.96,LOCK_CANDIDATE,0.010,1963
1765653039.076191,4,xrp-updown-15m-1765652400,0.26,LOCK_CANDIDATE,0.020,514
1765653044.6955113,4,xrp-updown-15m-1765652400,0.20,LOCK_CANDIDATE,0.020,399
1765653050.0042799,4,xrp-updown-15m-1765652400,0.29,LOCK_CANDIDATE,0.030,867
1765653055.5237553,4,btc-updown-15m-1765652400,0.00,LOW_SCORE,0.000,0
1765653060.914592,4,btc-updown-15m-1765652400,0.00,LOW_SCORE,0.000,0
1765653066.3864393,4,btc-updown-15m-1765652400,1.25,LOCK_CANDIDATE,0.010,1253
1765653111.42531,4,xrp-updown-15m-1765652400,0.55,LOCK_CANDIDATE,0.010,554
1765653117.0115821,4,btc-updown-15m-1765652400,0.00,LOW_SCORE,0.000,0
1765653122.305393,0,,-1.00,NO_CANDIDATES,,
1765653127.8280869,0,,-1.00,NO_CANDIDATES,,
1765653133.3841534,0,,-1.00,NO_CANDIDATES,,
1765653139.1103685,0,,-1.00,NO_CANDIDATES,,
1765653144.6721802,0,,-1.00,NO_CANDIDATES,,
1765653150.242216,0,,-1.00,NO_CANDIDATES,,
1765653155.887839,0,,-1.00,NO_CANDIDATES,,
1765653161.4810874,0,,-1.00,NO_CANDIDATES,,
1765653167.1659708,0,,-1.00,NO_CANDIDATES,,
1765653172.7274544,0,,-1.00,NO_CANDIDATES,,
1765653178.341377,0,,-1.00,NO_CANDIDATES,,
1765653183.885386,0,,-1.00,NO_CANDIDATES,,
1765653189.4749887,0,,-1.00,NO_CANDIDATES,,
1765653195.0272074,0,,-1.00,NO_CANDIDATES,,
1765653200.6013465,0,,-1.00,NO_CANDIDATES,,
1765653206.1338995,0,,-1.00,NO_CANDIDATES,,
1765653211.7515001,0,,-1.00,NO_CANDIDATES,,
1765653217.2943552,0,,-1.00,NO_CANDIDATES,,
1765653223.1240563,0,,-1.00,NO_CANDIDATES,,
1765653228.6606221,0,,-1.00,NO_CANDIDATES,,
1765653234.314642,0,,-1.00,NO_CANDIDATES,,
1765653239.92193,0,,-1.00,NO_CANDIDATES,,
1765653245.463112,0,,-1.00,NO_CANDIDATES,,
1765653251.207753,0,,-1.00,NO_CANDIDATES,,
1765653256.7861037,0,,-1.00,NO_CANDIDATES,,
1765653262.3035402,0,,-1.00,NO_CANDIDATES,,
1765653267.8391466,0,,-1.00,NO_CANDIDATES,,
1765653273.352819,0,,-1.00,NO_CANDIDATES,,
1765653278.92932,0,,-1.00,NO_CANDIDATES,,
1765653284.8179297,0,,-1.00,NO_CANDIDATES,,
1765653290.2957845,0,,-1.00,NO_CANDIDATES,,
1765653295.8620243,0,,-1.00,NO_CANDIDATES,,
1765653301.4671562,0,,-1.00,NO_CANDIDATES,,
1765653307.156074,0,,-1.00,NO_CANDIDATES,,
1765653312.8151135,0,,-1.00,NO_CANDIDATES,,
1765653318.473775,0,,-1.00,NO_CANDIDATES,,
1765653324.107521,0,,-1.00,NO_CANDIDATES,,
1765653329.8344955,0,,-1.00,NO_CANDIDATES,,
1765653335.3714042,0,,-1.00,NO_CANDIDATES,,
1765653340.8922842,0,,-1.00,NO_CANDIDATES,,
1765653346.4859648,0,,-1.00,NO_CANDIDATES,,
1765653352.1643214,4,btc-updown-15m-1765653300,1.34,LOCK_CANDIDATE,0.020,2686
1765653398.107414,4,eth-updown-15m-1765653300,0.74,LOCK_CANDIDATE,0.010,738
1765653403.5916533,4,btc-updown-15m-1765653300,1.87,LOCK_CANDIDATE,0.010,1867
1765653448.663558,4,btc-updown-15m-1765653300,1.59,LOCK_CANDIDATE,0.010,1591
1765653493.6754477,4,btc-updown-15m-1765653300,2.01,LOCK_CANDIDATE,0.010,2009
1765653538.7360733,4,btc-updown-15m-1765653300,1.80,LOCK_CANDIDATE,0.010,1801
1765653584.6006975,4,eth-updown-15m-1765653300,1.39,LOCK_CANDIDATE,0.010,1386
1765653629.6457896,4,eth-updown-15m-1765653300,1.53,LOCK_CANDIDATE,0.010,1534
1765653674.6469998,4,btc-updown-15m-1765653300,1.69,LOCK_CANDIDATE,0.010,1691
1765653719.683642,4,btc-updown-15m-1765653300,1.08,LOCK_CANDIDATE,0.020,2158
1765653765.4813232,4,eth-updown-15m-1765653300,1.26,LOCK_CANDIDATE,0.010,1265
1765653810.5550241,4,eth-updown-15m-1765653300,0.64,LOCK_CANDIDATE,0.020,1281
1765653816.1240366,4,btc-updown-15m-1765653300,1.10,LOCK_CANDIDATE,0.020,2194
1765653861.1846695,4,btc-updown-15m-1765653300,1.00,LOCK_CANDIDATE,0.020,2001
1765653907.0234213,4,btc-updown-15m-1765653300,0.86,LOCK_CANDIDATE,0.020,1715
1765653912.7329566,4,btc-updown-15m-1765653300,1.05,LOCK_CANDIDATE,0.020,2098
1765653958.1664824,4,btc-updown-15m-1765653300,0.35,LOCK_CANDIDATE,0.010,351
1765653963.992383,4,eth-updown-15m-1765653300,0.37,LOCK_CANDIDATE,0.020,743
1765653969.329705,4,xrp-updown-15m-1765653300,0.61,LOCK_CANDIDATE,0.010,614
1765653974.631689,4,btc-updown-15m-1765653300,0.55,LOCK_CANDIDATE,0.010,548
1765653979.9735365,4,btc-updown-15m-1765653300,0.45,LOCK_CANDIDATE,0.010,445
1765653985.384323,4,eth-updown-15m-1765653300,0.69,LOCK_CANDIDATE,0.010,695
1765653990.7036166,4,btc-updown-15m-1765653300,0.54,LOCK_CANDIDATE,0.020,1075
1765653995.9849722,4,sol-updown-15m-1765653300,0.52,LOCK_CANDIDATE,0.020,1046
1765654001.3887708,4,sol-updown-15m-1765653300,0.40,LOCK_CANDIDATE,0.020,791
1765654006.8183815,4,eth-updown-15m-1765653300,0.24,LOCK_CANDIDATE,0.030,706
1765654012.1857324,4,sol-updown-15m-1765653300,0.68,LOCK_CANDIDATE,0.010,682
1765654017.734988,3,eth-updown-15m-1765653300,0.29,LOCK_CANDIDATE,0.010,295
1765654023.0357409,0,,-1.00,NO_CANDIDATES,,
1765654028.9287603,0,,-1.00,NO_CANDIDATES,,
1765654034.6472824,0,,-1.00,NO_CANDIDATES,,
1765654106.5055447,0,,-1.00,NO_CANDIDATES,,
1765654112.0199583,0,,-1.00,NO_CANDIDATES,,
1765654117.6582973,0,,-1.00,NO_CANDIDATES,,
1765654123.258264,0,,-1.00,NO_CANDIDATES,,
1765654128.789888,0,,-1.00,NO_CANDIDATES,,
1765654134.3446844,0,,-1.00,NO_CANDIDATES,,
1765654139.8821084,0,,-1.00,NO_CANDIDATES,,
1765654145.457292,0,,-1.00,NO_CANDIDATES,,
1765654151.0787954,0,,-1.00,NO_CANDIDATES,,
1765654156.7070727,0,,-1.00,NO_CANDIDATES,,
1765654162.321744,0,,-1.00,NO_CANDIDATES,,
1765654167.9543722,0,,-1.00,NO_CANDIDATES,,
1765654173.5637157,0,,-1.00,NO_CANDIDATES,,
1765654179.1467183,0,,-1.00,NO_CANDIDATES,,
1765654184.9038455,0,,-1.00,NO_CANDIDATES,,
1765654190.5025146,0,,-1.00,NO_CANDIDATES,,
1765654196.0712605,0,,-1.00,NO_CANDIDATES,,
1765654201.6761851,0,,-1.00,NO_CANDIDATES,,
1765654207.2736626,0,,-1.00,NO_CANDIDATES,,
1765654212.8112223,0,,-1.00,NO_CANDIDATES,,
1765654219.3819942,0,,-1.00,NO_CANDIDATES,,
1765654225.0126436,0,,-1.00,NO_CANDIDATES,,
1765654230.668048,0,,-1.00,NO_CANDIDATES,,
1765654236.2489495,0,,-1.00,NO_CANDIDATES,,
1765654241.907928,0,,-1.00,NO_CANDIDATES,,
1765654247.4945426,1,xrp-updown-15m-1765654200,0.55,LOCK_CANDIDATE,0.010,546
1765654252.618328,4,btc-updown-15m-1765654200,0.66,LOCK_CANDIDATE,0.030,1976
1765654258.009665,4,btc-updown-15m-1765654200,0.91,LOCK_CANDIDATE,0.020,1827
1765654263.3998067,4,btc-updown-15m-1765654200,0.88,LOCK_CANDIDATE,0.020,1754
1765654268.7719488,4,btc-updown-15m-1765654200,0.57,LOCK_CANDIDATE,0.030,1720
1765654274.1317928,4,btc-updown-15m-1765654200,0.55,LOCK_CANDIDATE,0.030,1650
1765654279.5489628,4,btc-updown-15m-1765654200,0.56,LOCK_CANDIDATE,0.030,1686
1765654284.866524,4,btc-updown-15m-1765654200,0.57,LOCK_CANDIDATE,0.030,1710
1765654290.186379,4,sol-updown-15m-1765654200,0.45,LOCK_CANDIDATE,0.030,1339
1765654378.9360924,4,sol-updown-15m-1765654200,0.46,LOCK_CANDIDATE,0.010,463
1765654384.6874235,4,xrp-updown-15m-1765654200,0.33,LOCK_CANDIDATE,0.010,331
1765654389.9850595,4,btc-updown-15m-1765654200,0.00,LOW_SCORE,0.000,0
1765654395.3625848,4,xrp-updown-15m-1765654200,0.21,LOCK_CANDIDATE,0.020,429
1765654400.7350912,4,xrp-updown-15m-1765654200,0.23,LOCK_CANDIDATE,0.020,452
1765654406.1284246,4,xrp-updown-15m-1765654200,0.20,LOCK_CANDIDATE,0.020,410
1765654411.4788513,4,xrp-updown-15m-1765654200,0.14,LOCK_CANDIDATE,0.020,290
1765654416.9261148,4,xrp-updown-15m-1765654200,0.25,LOCK_CANDIDATE,0.020,495
1765654422.2536192,4,xrp-updown-15m-1765654200,0.25,LOCK_CANDIDATE,0.010,246
1765654427.5440867,4,xrp-updown-15m-1765654200,0.07,LOCK_CANDIDATE,0.030,210
1765654432.9474678,4,xrp-updown-15m-1765654200,0.16,LOCK_CANDIDATE,0.030,490
1765654438.3212318,4,btc-updown-15m-1765654200,0.00,LOW_SCORE,0.000,0
1765654443.6736798,4,btc-updown-15m-1765654200,0.00,LOW_SCORE,0.000,0
1765654448.9536915,4,xrp-updown-15m-1765654200,0.11,LOCK_CANDIDATE,0.020,220
1765654454.3130689,4,xrp-updown-15m-1765654200,0.11,LOCK_CANDIDATE,0.030,345
1765654459.7043052,4,xrp-updown-15m-1765654200,0.17,LOCK_CANDIDATE,0.030,503
1765654465.0559108,4,xrp-updown-15m-1765654200,0.07,LOCK_CANDIDATE,0.030,220
1765654470.39958,4,xrp-updown-15m-1765654200,0.22,LOCK_CANDIDATE,0.010,225
1765654475.7249727,4,xrp-updown-15m-1765654200,0.50,LOCK_CANDIDATE,0.010,503
1765654481.0450213,4,xrp-updown-15m-1765654200,0.50,LOCK_CANDIDATE,0.010,503
1765654486.4083214,4,xrp-updown-15m-1765654200,0.13,LOCK_CANDIDATE,0.020,260
1765654491.7458525,4,xrp-updown-15m-1765654200,0.17,LOCK_CANDIDATE,0.030,518
1765654497.1296315,4,xrp-updown-15m-1765654200,0.24,LOCK_CANDIDATE,0.020,488
1765654502.8738494,4,xrp-updown-15m-1765654200,0.17,LOCK_CANDIDATE,0.010,169
1765654508.4162402,4,xrp-updown-15m-1765654200,0.32,LOCK_CANDIDATE,0.010,324
1765654513.9648638,4,xrp-updown-15m-1765654200,0.19,LOCK_CANDIDATE,0.030,565
1765654519.4454412,4,xrp-updown-15m-1765654200,0.19,LOCK_CANDIDATE,0.030,570
1765654524.8987515,4,sol-updown-15m-1765654200,0.27,LOCK_CANDIDATE,0.020,549
1765654530.4435923,4,xrp-updown-15m-1765654200,0.21,LOCK_CANDIDATE,0.030,619
1765654535.853244,4,btc-updown-15m-1765654200,0.00,LOW_SCORE,0.000,0
1765654541.252855,4,xrp-updown-15m-1765654200,0.10,LOCK_CANDIDATE,0.040,417
1765654546.6288912,4,btc-updown-15m-1765654200,0.00,LOW_SCORE,0.000,0
1765654551.988832,4,xrp-updown-15m-1765654200,0.17,LOCK_CANDIDATE,0.030,503
1765654557.308724,4,xrp-updown-15m-1765654200,0.21,LOCK_CANDIDATE,0.020,423
1765654562.77782,4,xrp-updown-15m-1765654200,0.26,LOCK_CANDIDATE,0.010,265
1765654568.102478,4,xrp-updown-15m-1765654200,0.26,LOCK_CANDIDATE,0.010,265
1765654573.487735,4,xrp-updown-15m-1765654200,0.29,LOCK_CANDIDATE,0.010,289
1765654578.901259,4,xrp-updown-15m-1765654200,0.27,LOCK_CANDIDATE,0.020,543
1765654584.3430994,4,xrp-updown-15m-1765654200,0.27,LOCK_CANDIDATE,0.020,543
1765654589.7928243,4,xrp-updown-15m-1765654200,0.54,LOCK_CANDIDATE,0.010,543
1765654595.350751,4,xrp-updown-15m-1765654200,0.25,LOCK_CANDIDATE,0.020,493
1765654600.728128,4,xrp-updown-15m-1765654200,0.26,LOCK_CANDIDATE,0.020,524
1765654606.3277545,4,xrp-updown-15m-1765654200,0.26,LOCK_CANDIDATE,0.020,524
1765654612.103713,4,xrp-updown-15m-1765654200,0.25,LOCK_CANDIDATE,0.020,498
1765654617.4805093,4,btc-updown-15m-1765654200,0.00,LOW_SCORE,0.000,0
1765654622.9038522,4,btc-updown-15m-1765654200,0.00,LOW_SCORE,0.000,0
1765654628.2977164,4,btc-updown-15m-1765654200,0.00,LOW_SCORE,0.000,0
1765654633.6791055,4,btc-updown-15m-1765654200,0.00,LOW_SCORE,0.000,0
1765654639.0427427,4,btc-updown-15m-1765654200,0.00,LOW_SCORE,0.000,0
1765654644.3526585,4,btc-updown-15m-1765654200,0.00,LOW_SCORE,0.000,0
1765654649.7082918,4,btc-updown-15m-1765654200,0.00,LOW_SCORE,0.000,0
1765654655.084145,4,btc-updown-15m-1765654200,0.00,LOW_SCORE,0.000,0
1765654660.4256332,4,btc-updown-15m-1765654200,0.00,LOW_SCORE,0.000,0
1765654665.7842755,4,btc-updown-15m-1765654200,0.00,LOW_SCORE,0.000,0
1765654671.124443,4,btc-updown-15m-1765654200,0.00,LOW_SCORE,0.000,0
1765654676.5386512,4,btc-updown-15m-1765654200,0.00,LOW_SCORE,0.000,0
1765654681.9252055,4,btc-updown-15m-1765654200,0.00,LOW_SCORE,0.000,0
1765654687.345472,4,btc-updown-15m-1765654200,0.00,LOW_SCORE,0.000,0
1765654692.7852347,4,btc-updown-15m-1765654200,0.00,LOW_SCORE,0.000,0
1765654698.1596398,4,btc-updown-15m-1765654200,0.00,LOW_SCORE,0.000,0
1765654703.601131,4,btc-updown-15m-1765654200,0.00,LOW_SCORE,0.000,0
1765654708.8764422,4,btc-updown-15m-1765654200,0.00,LOW_SCORE,0.000,0
1765654714.314311,4,btc-updown-15m-1765654200,0.00,LOW_SCORE,0.000,0
1765654719.5924788,4,btc-updown-15m-1765654200,0.00,LOW_SCORE,0.000,0
1765654724.8876178,4,btc-updown-15m-1765654200,0.00,LOW_SCORE,0.000,0
1765654730.2203228,4,btc-updown-15m-1765654200,0.00,LOW_SCORE,0.000,0
1765654735.5835893,4,btc-updown-15m-1765654200,0.00,LOW_SCORE,0.000,0
1765654740.8984234,4,btc-updown-15m-1765654200,0.00,LOW_SCORE,0.000,0
1765654746.1649132,4,btc-updown-15m-1765654200,0.00,LOW_SCORE,0.000,0
1765654751.5035453,4,btc-updown-15m-1765654200,0.00,LOW_SCORE,0.000,0
1765654756.9195936,4,btc-updown-15m-1765654200,0.00,LOW_SCORE,0.000,0
1765654762.362918,4,btc-updown-15m-1765654200,0.00,LOW_SCORE,0.000,0
1765654767.8741105,4,btc-updown-15m-1765654200,0.00,LOW_SCORE,0.000,0
1765654773.3000028,4,btc-updown-15m-1765654200,0.00,LOW_SCORE,0.000,0
1765654778.6422794,4,btc-updown-15m-1765654200,0.00,LOW_SCORE,0.000,0
1765654784.0463605,4,btc-updown-15m-1765654200,0.00,LOW_SCORE,0.000,0
1765654789.474611,4,btc-updown-15m-1765654200,0.00,LOW_SCORE,0.000,0
1765654794.7699914,4,btc-updown-15m-1765654200,0.00,LOW_SCORE,0.000,0
1765654800.1715908,4,btc-updown-15m-1765654200,0.00,LOW_SCORE,0.000,0
1765654805.5821433,4,btc-updown-15m-1765654200,0.00,LOW_SCORE,0.000,0
1765654811.0040627,4,btc-updown-15m-1765654200,0.00,LOW_SCORE,0.000,0
1765654816.3666093,4,btc-updown-15m-1765654200,0.00,LOW_SCORE,0.000,0
1765654821.7113297,4,btc-updown-15m-1765654200,0.00,LOW_SCORE,0.000,0
1765654827.2251656,4,btc-updown-15m-1765654200,0.00,LOW_SCORE,0.000,0
1765654832.5861878,4,btc-updown-15m-1765654200,0.00,LOW_SCORE,0.000,0
1765654837.9366045,4,btc-updown-15m-1765654200,0.00,LOW_SCORE,0.000,0
1765654843.2526014,4,btc-updown-15m-1765654200,0.00,LOW_SCORE,0.000,0
1765654848.7735202,4,btc-updown-15m-1765654200,0.00,LOW_SCORE,0.000,0
1765654854.2890935,4,btc-updown-15m-1765654200,0.00,LOW_SCORE,0.000,0
1765654859.6101925,4,btc-updown-15m-1765654200,0.00,LOW_SCORE,0.000,0
1765654865.0248406,4,btc-updown-15m-1765654200,0.00,LOW_SCORE,0.000,0
1765654870.414693,4,btc-updown-15m-1765654200,0.00,LOW_SCORE,0.000,0
1765654875.784321,4,btc-updown-15m-1765654200,0.00,LOW_SCORE,0.000,0
1765654881.2980552,4,btc-updown-15m-1765654200,0.00,LOW_SCORE,0.000,0
1765654886.6403549,4,btc-updown-15m-1765654200,0.00,LOW_SCORE,0.000,0
1765654892.0562027,4,btc-updown-15m-1765654200,0.00,LOW_SCORE,0.000,0
1765654897.383007,4,btc-updown-15m-1765654200,0.00,LOW_SCORE,0.000,0
1765654902.7987034,4,btc-updown-15m-1765654200,0.00,LOW_SCORE,0.000,0
1765654908.1306348,4,btc-updown-15m-1765654200,0.00,LOW_SCORE,0.000,0
1765654913.5608804,4,btc-updown-15m-1765654200,0.00,LOW_SCORE,0.000,0
1765654918.9238222,1,btc-updown-15m-1765654200,0.00,LOW_SCORE,0.000,0
1765654924.8772924,0,,-1.00,NO_CANDIDATES,,
1765654930.4283123,0,,-1.00,NO_CANDIDATES,,
1765654936.0202312,0,,-1.00,NO_CANDIDATES,,
1765654941.5294778,0,,-1.00,NO_CANDIDATES,,
1765654947.0364828,0,,-1.00,NO_CANDIDATES,,
1765654952.6239347,0,,-1.00,NO_CANDIDATES,,
1765654958.189104,0,,-1.00,NO_CANDIDATES,,
1765654963.783212,0,,-1.00,NO_CANDIDATES,,
1765654969.541883,0,,-1.00,NO_CANDIDATES,,
1765654975.1324713,0,,-1.00,NO_CANDIDATES,,
1765654980.7367857,0,,-1.00,NO_CANDIDATES,,
1765654986.3171833,0,,-1.00,NO_CANDIDATES,,
1765654991.8054414,0,,-1.00,NO_CANDIDATES,,
1765654997.2911339,0,,-1.00,NO_CANDIDATES,,
1765655002.8228333,0,,-1.00,NO_CANDIDATES,,
1765655008.502294,0,,-1.00,NO_CANDIDATES,,
1765655014.215721,0,,-1.00,NO_CANDIDATES,,
1765655019.8185098,0,,-1.00,NO_CANDIDATES,,
1765655025.417329,0,,-1.00,NO_CANDIDATES,,
1765655034.9322002,0,,-1.00,NO_CANDIDATES,,
1765655040.4775114,0,,-1.00,NO_CANDIDATES,,
1765655046.0971105,0,,-1.00,NO_CANDIDATES,,
1765655051.575942,0,,-1.00,NO_CANDIDATES,,
1765655057.1329205,0,,-1.00,NO_CANDIDATES,,
1765655062.6462462,0,,-1.00,NO_CANDIDATES,,
1765655068.2681332,0,,-1.00,NO_CANDIDATES,,
1765655073.74185,0,,-1.00,NO_CANDIDATES,,
1765655079.2269216,0,,-1.00,NO_CANDIDATES,,
1765655084.8170736,0,,-1.00,NO_CANDIDATES,,
1765655090.4032927,0,,-1.00,NO_CANDIDATES,,
1765655095.9138665,0,,-1.00,NO_CANDIDATES,,
1765655101.5489886,0,,-1.00,NO_CANDIDATES,,
1765655107.0533578,0,,-1.00,NO_CANDIDATES,,
1765655112.655564,0,,-1.00,NO_CANDIDATES,,
1765655118.1737134,0,,-1.00,NO_CANDIDATES,,
1765655123.717859,0,,-1.00,NO_CANDIDATES,,
1765655129.251925,0,,-1.00,NO_CANDIDATES,,
1765655134.826566,0,,-1.00,NO_CANDIDATES,,
1765655140.3182356,0,,-1.00,NO_CANDIDATES,,
1765655145.9163754,0,,-1.00,NO_CANDIDATES,,
1765655151.5843163,4,btc-updown-15m-1765655100,0.42,LOCK_CANDIDATE,0.020,849
1765655157.124258,4,btc-updown-15m-1765655100,0.68,LOCK_CANDIDATE,0.010,685
1765655162.408847,4,eth-updown-15m-1765655100,0.70,LOCK_CANDIDATE,0.010,700
1765655167.742477,4,btc-updown-15m-1765655100,1.27,LOCK_CANDIDATE,0.010,1266
1765655213.2385712,4,eth-updown-15m-1765655100,0.60,LOCK_CANDIDATE,0.010,596
1765655218.825195,4,btc-updown-15m-1765655100,1.48,LOCK_CANDIDATE,0.010,1480
1765655263.8461466,4,xrp-updown-15m-1765655100,0.59,LOCK_CANDIDATE,0.010,590
1765655269.4419699,4,btc-updown-15m-1765655100,0.95,LOCK_CANDIDATE,0.020,1907
1765655274.789511,4,btc-updown-15m-1765655100,1.02,LOCK_CANDIDATE,0.020,2048
1765655318.5525346,4,btc-updown-15m-1765655100,1.52,LOCK_CANDIDATE,0.010,1515
1765655364.0820274,4,btc-updown-15m-1765655100,0.76,LOCK_CANDIDATE,0.020,1512
1765655369.681297,4,eth-updown-15m-1765655100,0.80,LOCK_CANDIDATE,0.010,796
1765655375.0145319,4,btc-updown-15m-1765655100,0.91,LOCK_CANDIDATE,0.010,906
1765655380.370431,4,btc-updown-15m-1765655100,1.51,LOCK_CANDIDATE,0.010,1515
1765655425.3966722,4,btc-updown-15m-1765655100,0.73,LOCK_CANDIDATE,0.020,1457
1765655430.931127,4,btc-updown-15m-1765655100,1.41,LOCK_CANDIDATE,0.010,1413
1765655475.9962842,4,sol-updown-15m-1765655100,0.17,LOCK_CANDIDATE,0.030,519
1765655481.469263,4,sol-updown-15m-1765655100,0.10,LOCK_CANDIDATE,0.030,300
1765655486.869497,4,sol-updown-15m-1765655100,0.23,LOCK_CANDIDATE,0.020,459
1765655492.2871456,4,sol-updown-15m-1765655100,0.21,LOCK_CANDIDATE,0.010,214
1765655497.698688,4,sol-updown-15m-1765655100,0.28,LOCK_CANDIDATE,0.020,565
1765655503.0692708,4,sol-updown-15m-1765655100,0.50,LOCK_CANDIDATE,0.010,503
1765655508.5184283,4,sol-updown-15m-1765655100,0.25,LOCK_CANDIDATE,0.020,503
1765655513.9900281,4,sol-updown-15m-1765655100,0.46,LOCK_CANDIDATE,0.010,458
1765655519.401335,4,btc-updown-15m-1765655100,0.00,LOW_SCORE,0.000,0
1765655524.7040627,4,btc-updown-15m-1765655100,0.00,LOW_SCORE,0.000,0
1765655530.1023617,4,btc-updown-15m-1765655100,0.00,LOW_SCORE,0.000,0
1765655535.5060537,4,sol-updown-15m-1765655100,0.17,LOCK_CANDIDATE,0.030,503
1765655540.9021146,4,btc-updown-15m-1765655100,0.00,LOW_SCORE,0.000,0
1765655546.1925492,4,btc-updown-15m-1765655100,0.00,LOW_SCORE,0.000,0
1765655551.516735,4,btc-updown-15m-1765655100,0.00,LOW_SCORE,0.000,0
1765655557.079942,4,btc-updown-15m-1765655100,0.00,LOW_SCORE,0.000,0
1765655562.522416,4,btc-updown-15m-1765655100,0.00,LOW_SCORE,0.000,0
1765655568.145601,4,btc-updown-15m-1765655100,0.00,LOW_SCORE,0.000,0
1765655573.535681,4,btc-updown-15m-1765655100,0.00,LOW_SCORE,0.000,0
1765655579.0175254,4,btc-updown-15m-1765655100,0.00,LOW_SCORE,0.000,0
1765655584.4071674,4,btc-updown-15m-1765655100,0.00,LOW_SCORE,0.000,0
1765655590.0261962,4,btc-updown-15m-1765655100,0.00,LOW_SCORE,0.000,0
1765655595.5678945,4,btc-updown-15m-1765655100,0.00,LOW_SCORE,0.000,0
1765655600.9873288,4,sol-updown-15m-1765655100,0.12,LOCK_CANDIDATE,0.040,488
1765655606.4518404,4,xrp-updown-15m-1765655100,0.27,LOCK_CANDIDATE,0.030,799
1765655612.2102349,4,sol-updown-15m-1765655100,0.47,LOCK_CANDIDATE,0.020,933
1765655617.7197642,4,btc-updown-15m-1765655100,1.00,LOCK_CANDIDATE,0.010,1002
1765655662.7838848,4,btc-updown-15m-1765655100,0.36,LOCK_CANDIDATE,0.010,360
1765655668.4521418,4,sol-updown-15m-1765655100,0.31,LOCK_CANDIDATE,0.020,616
1765655674.0898805,4,sol-updown-15m-1765655100,0.75,LOCK_CANDIDATE,0.010,750
1765655679.6200523,4,xrp-updown-15m-1765655100,0.65,LOCK_CANDIDATE,0.010,645
1765655685.0554786,4,sol-updown-15m-1765655100,0.37,LOCK_CANDIDATE,0.020,745
1765655690.5136576,4,sol-updown-15m-1765655100,0.43,LOCK_CANDIDATE,0.010,427
1765655695.989919,4,sol-updown-15m-1765655100,0.41,LOCK_CANDIDATE,0.020,823
1765655701.3679044,4,sol-updown-15m-1765655100,0.87,LOCK_CANDIDATE,0.010,872
1765655706.829775,4,sol-updown-15m-1765655100,1.10,LOCK_CANDIDATE,0.010,1103
1765655752.2395775,4,xrp-updown-15m-1765655100,0.40,LOCK_CANDIDATE,0.020,793
1765655758.0545423,4,btc-updown-15m-1765655100,0.00,LOW_SCORE,0.000,0
1765655763.5461931,4,btc-updown-15m-1765655100,0.00,LOW_SCORE,0.000,0
1765655768.9589376,4,btc-updown-15m-1765655100,0.00,LOW_SCORE,0.000,0
1765655774.412757,4,btc-updown-15m-1765655100,0.00,LOW_SCORE,0.000,0
1765655779.9083757,4,btc-updown-15m-1765655100,0.00,LOW_SCORE,0.000,0
1765655785.412792,4,btc-updown-15m-1765655100,0.00,LOW_SCORE,0.000,0
1765655790.8976796,4,btc-updown-15m-1765655100,0.00,LOW_SCORE,0.000,0
1765655796.302587,4,btc-updown-15m-1765655100,0.00,LOW_SCORE,0.000,0
1765655801.8382466,4,btc-updown-15m-1765655100,0.00,LOW_SCORE,0.000,0
1765655807.4023595,4,btc-updown-15m-1765655100,0.00,LOW_SCORE,0.000,0
1765655812.9312952,4,btc-updown-15m-1765655100,0.00,LOW_SCORE,0.000,0
1765655818.7715003,1,btc-updown-15m-1765655100,0.00,LOW_SCORE,0.000,0
1765655824.756679,0,,-1.00,NO_CANDIDATES,,
1765655830.5034578,0,,-1.00,NO_CANDIDATES,,
1765655974.3175933,0,,-1.00,NO_CANDIDATES,,
1765655980.0994654,0,,-1.00,NO_CANDIDATES,,
1765655985.6613138,0,,-1.00,NO_CANDIDATES,,
1765655991.3251615,0,,-1.00,NO_CANDIDATES,,
1765655996.8857355,0,,-1.00,NO_CANDIDATES,,
1765656002.478712,0,,-1.00,NO_CANDIDATES,,
1765656008.2621777,0,,-1.00,NO_CANDIDATES,,
1765656013.913237,0,,-1.00,NO_CANDIDATES,,
1765656019.5014756,0,,-1.00,NO_CANDIDATES,,
1765656025.0494788,0,,-1.00,NO_CANDIDATES,,
1765656030.5759091,0,,-1.00,NO_CANDIDATES,,
1765656036.0868123,0,,-1.00,NO_CANDIDATES,,
1765656041.6375544,0,,-1.00,NO_CANDIDATES,,
1765656047.2561681,0,,-1.00,NO_CANDIDATES,,
1765656052.8170805,4,btc-updown-15m-1765656000,0.86,LOCK_CANDIDATE,0.010,856
1765656058.4772763,4,btc-updown-15m-1765656000,1.90,LOCK_CANDIDATE,0.010,1901
1765656104.1543007,4,eth-updown-15m-1765656000,0.98,LOCK_CANDIDATE,0.010,982
1765656109.818974,4,btc-updown-15m-1765656000,1.21,LOCK_CANDIDATE,0.010,1214
1765656154.886497,4,btc-updown-15m-1765656000,1.14,LOCK_CANDIDATE,0.020,2274
1765656199.9170547,4,btc-updown-15m-1765656000,1.64,LOCK_CANDIDATE,0.010,1635
1765656245.0627165,4,btc-updown-15m-1765656000,0.23,LOCK_CANDIDATE,0.010,227
1765656250.801047,4,eth-updown-15m-1765656000,0.18,LOCK_CANDIDATE,0.020,354
1765656256.2836363,4,btc-updown-15m-1765656000,1.08,LOCK_CANDIDATE,0.010,1083
1765656301.3260214,4,btc-updown-15m-1765656000,1.13,LOCK_CANDIDATE,0.010,1125
1765656346.3671305,4,btc-updown-15m-1765656000,2.14,LOCK_CANDIDATE,0.010,2136
1765656391.4201596,4,btc-updown-15m-1765656000,1.38,LOCK_CANDIDATE,0.010,1381
1765656429.6192844,4,btc-updown-15m-1765656000,1.17,LOCK_CANDIDATE,0.020,2342
1765656475.3576493,4,btc-updown-15m-1765656000,0.84,LOCK_CANDIDATE,0.030,2512
1765656481.136838,4,btc-updown-15m-1765656000,0.53,LOCK_CANDIDATE,0.020,1058
1765656486.6757905,4,btc-updown-15m-1765656000,0.67,LOCK_CANDIDATE,0.030,2000
1765656492.1630113,4,btc-updown-15m-1765656000,0.90,LOCK_CANDIDATE,0.020,1799
1765656497.7690449,4,btc-updown-15m-1765656000,0.98,LOCK_CANDIDATE,0.010,985
1765656503.2463462,4,eth-updown-15m-1765656000,0.95,LOCK_CANDIDATE,0.010,951
1765656508.677533,4,btc-updown-15m-1765656000,0.90,LOCK_CANDIDATE,0.020,1805
1765656514.038245,4,btc-updown-15m-1765656000,1.84,LOCK_CANDIDATE,0.010,1840
