timestamp,slug,market_start_ts,market_end_ts,now_ts,time_remaining,up_bid,up_ask,down_bid,down_ask,up_px,down_px,sum_px,max_sum_price,decision,blocked_maker,order_age,up_filled,down_filled,has_traded,intended_price_up,rounded_price_up,intended_price_down,rounded_price_down,cancel_reason,unwind_method,unwind_price,unwind_result,optimal_size,actual_size,near_resolution_blocked,force_flatten,entry_cutoff_sec,force_flatten_sec,size_chosen,size_max_usd,size_max_final,usd_per_market_cap,test_mode,used_test_preset,test_preset_candidate,min_leg_price,max_leg_price,min_profit_per_share,profit_both,price_bounds_ok,profit_ok,skip_reason,blocked_price_bounds,blocked_low_profit,taker_path_attempted,up_ask_at_send,down_ask_at_send,up_bid_at_send,down_bid_at_send,filled_up_shares,filled_down_shares,target_size_shares,size_locked_blocked,overbuy_attempted,filled_first_price,remaining_up,remaining_down,entry_id,reprice_attempt_count,reprice_reason,time_in_one_leg_state,last_reprice_ts,inv_up,inv_down,total_inventory,cap_remaining,reconstruction_budget,reconstruction_spent,remaining_edge,entry_sum_target,initial_edge_per_share,imbalance_shares,avg_other_price,px_missing_now,overpay_per_share,reconstruct_chunk_shares,reconstruct_cost_est_usd,reconstruct_overpay_limit,reconstruct_block_reason
1765986252.708325,sol-updown-15m-1765985400,1765985400.0,1765986300.0,,47.291675090789795,,,,,0,0,0.999,0.98,IDLE,,,,,,,,,,,,,,0,0.0,,,,,,,,,,,,,,,,,,,,Spread high 1.00 > 0.98,,,,,,,,0.0,0.0,,,,,0,0,,,Inv: 0.0/0.0 CapLeft: 50.0,,,0.0,0.0,0.0,50.0,50.0,0.0,50.0,0.0,0.0,0.0,0.0,0.0,0.0,0.0,0.0,0.0,
1765986254.9769611,sol-updown-15m-1765985400,1765985400.0,1765986300.0,,45.02303886413574,,,,,0,0,0.999,0.98,IDLE,,,,,,,,,,,,,,0,0.0,,,,,,,,,,,,,,,,,,,,Spread high 1.00 > 0.98,,,,,,,,0.0,0.0,,,,,0,0,,,Inv: 0.0/0.0 CapLeft: 50.0,,,0.0,0.0,0.0,50.0,50.0,0.0,50.0,0.0,0.0,0.0,0.0,0.0,0.0,0.0,0.0,0.0,
1765986258.869963,sol-updown-15m-1765985400,1765985400.0,1765986300.0,,41.13003706932068,,,,,0,0,0.999,0.98,IDLE,,,,,,,,,,,,,,0,0.0,,,,,,,,,,,,,,,,,,,,Spread high 1.00 > 0.98,,,,,,,,0.0,0.0,,,,,0,0,,,Inv: 0.0/0.0 CapLeft: 50.0,,,0.0,0.0,0.0,50.0,50.0,0.0,50.0,0.0,0.0,0.0,0.0,0.0,0.0,0.0,0.0,0.0,
1765986262.775914,sol-updown-15m-1765985400,1765985400.0,1765986300.0,,37.22408604621887,,,,,0,0,0.999,0.98,IDLE,,,,,,,,,,,,,,0,0.0,,,,,,,,,,,,,,,,,,,,Spread high 1.00 > 0.98,,,,,,,,0.0,0.0,,,,,0,0,,,Inv: 0.0/0.0 CapLeft: 50.0,,,0.0,0.0,0.0,50.0,50.0,0.0,50.0,0.0,0.0,0.0,0.0,0.0,0.0,0.0,0.0,0.0,
1765986266.7153385,sol-updown-15m-1765985400,1765985400.0,1765986300.0,,33.284661531448364,,,,,0,0,0.999,0.98,IDLE,,,,,,,,,,,,,,0,0.0,,,,,,,,,,,,,,,,,,,,Spread high 1.00 > 0.98,,,,,,,,0.0,0.0,,,,,0,0,,,Inv: 0.0/0.0 CapLeft: 50.0,,,0.0,0.0,0.0,50.0,50.0,0.0,50.0,0.0,0.0,0.0,0.0,0.0,0.0,0.0,0.0,0.0,
1765986270.6047657,sol-updown-15m-1765985400,1765985400.0,1765986300.0,,29.39523434638977,,,,,0,0,0.999,0.98,IDLE,,,,,,,,,,,,,,0,0.0,,,,,,,,,,,,,,,,,,,,Spread high 1.00 > 0.98,,,,,,,,0.0,0.0,,,,,0,0,,,Inv: 0.0/0.0 CapLeft: 50.0,,,0.0,0.0,0.0,50.0,50.0,0.0,50.0,0.0,0.0,0.0,0.0,0.0,0.0,0.0,0.0,0.0,
1765986274.519364,sol-updown-15m-1765985400,1765985400.0,1765986300.0,,25.48063588142395,,,,,0,0,0.999,0.98,IDLE,,,,,,,,,,,,,,0,0.0,,,,,,,,,,,,,,,,,,,,Spread high 1.00 > 0.98,,,,,,,,0.0,0.0,,,,,0,0,,,Inv: 0.0/0.0 CapLeft: 50.0,,,0.0,0.0,0.0,50.0,50.0,0.0,50.0,0.0,0.0,0.0,0.0,0.0,0.0,0.0,0.0,0.0,
1765986278.4182277,sol-updown-15m-1765985400,1765985400.0,1765986300.0,,21.581772327423096,,,,,0,0,0.999,0.98,IDLE,,,,,,,,,,,,,,0,0.0,,,,,,,,,,,,,,,,,,,,Spread high 1.00 > 0.98,,,,,,,,0.0,0.0,,,,,0,0,,,Inv: 0.0/0.0 CapLeft: 50.0,,,0.0,0.0,0.0,50.0,50.0,0.0,50.0,0.0,0.0,0.0,0.0,0.0,0.0,0.0,0.0,0.0,
1765986282.3195171,sol-updown-15m-1765985400,1765985400.0,1765986300.0,,17.680482864379883,,,,,0,0,0.999,0.98,IDLE,,,,,,,,,,,,,,0,0.0,,,,,,,,,,,,,,,,,,,,Spread high 1.00 > 0.98,,,,,,,,0.0,0.0,,,,,0,0,,,Inv: 0.0/0.0 CapLeft: 50.0,,,0.0,0.0,0.0,50.0,50.0,0.0,50.0,0.0,0.0,0.0,0.0,0.0,0.0,0.0,0.0,0.0,
1765986286.2702334,sol-updown-15m-1765985400,1765985400.0,1765986300.0,,13.729766607284546,,,,,0,0,0.999,0.98,IDLE,,,,,,,,,,,,,,0,0.0,,,,,,,,,,,,,,,,,,,,Spread high 1.00 > 0.98,,,,,,,,0.0,0.0,,,,,0,0,,,Inv: 0.0/0.0 CapLeft: 50.0,,,0.0,0.0,0.0,50.0,50.0,0.0,50.0,0.0,0.0,0.0,0.0,0.0,0.0,0.0,0.0,0.0,
1765986290.2014968,sol-updown-15m-1765985400,1765985400.0,1765986300.0,,9.798503160476685,,,,,0,0,0.999,0.98,IDLE,,,,,,,,,,,,,,0,0.0,,,,,,,,,,,,,,,,,,,,Spread high 1.00 > 0.98,,,,,,,,0.0,0.0,,,,,0,0,,,Inv: 0.0/0.0 CapLeft: 50.0,,,0.0,0.0,0.0,50.0,50.0,0.0,50.0,0.0,0.0,0.0,0.0,0.0,0.0,0.0,0.0,0.0,
1765986294.077482,sol-updown-15m-1765985400,1765985400.0,1765986300.0,,5.922518014907837,,,,,0,0,0.999,0.98,IDLE,,,,,,,,,,,,,,0,0.0,,,,,,,,,,,,,,,,,,,,Spread high 1.00 > 0.98,,,,,,,,0.0,0.0,,,,,0,0,,,Inv: 0.0/0.0 CapLeft: 50.0,,,0.0,0.0,0.0,50.0,50.0,0.0,50.0,0.0,0.0,0.0,0.0,0.0,0.0,0.0,0.0,0.0,
1765986297.9638445,sol-updown-15m-1765985400,1765985400.0,1765986300.0,,2.0361554622650146,,,,,0,0,0.999,0.98,IDLE,,,,,,,,,,,,,,0,0.0,,,,,,,,,,,,,,,,,,,,Spread high 1.00 > 0.98,,,,,,,,0.0,0.0,,,,,0,0,,,Inv: 0.0/0.0 CapLeft: 50.0,,,0.0,0.0,0.0,50.0,50.0,0.0,50.0,0.0,0.0,0.0,0.0,0.0,0.0,0.0,0.0,0.0,
