timestamp,dt,slug,state,best_bid_yes,best_ask_yes,best_bid_no,best_ask_no,q_yes,q_no,fills_yes,fills_no,exposure,mtm_pnl,lock_pnl,decision,time_rem,btc_price,btc_delta,btc_conf,btc_bias,fair_yes,fair_no
1765744219,2025-12-14 21:30:19,btc-updown-15m-1765744200,IDLE,0.44,0.45,0.55,0.56,0.0,0.0,0,0,0.0,0.0,0.0,IDLE,882,0.0,0.0,0.0,NEUTRAL,0.449,0.551
1765744221,2025-12-14 21:30:21,btc-updown-15m-1765744200,IDLE,0.43,0.44,0.56,0.57,0.0,0.0,0,0,0.0,0.0,0.0,IDLE,878,0.0,0.0,0.0,NEUTRAL,0.431,0.57
1765744225,2025-12-14 21:30:25,btc-updown-15m-1765744200,IDLE,0.43,0.44,0.56,0.57,0.0,0.0,0,0,0.0,0.0,0.0,IDLE,876,0.0,0.0,0.0,NEUTRAL,0.432,0.568
1765744229,2025-12-14 21:30:29,btc-updown-15m-1765744200,IDLE,0.41,0.43,0.57,0.58,0.0,0.0,0,0,0.0,0.0,0.0,IDLE,870,0.0,0.0,0.0,NEUTRAL,0.43,0.579
1765744233,2025-12-14 21:30:33,btc-updown-15m-1765744200,IDLE,0.42,0.43,0.57,0.59,0.0,0.0,0,0,0.0,0.0,0.0,IDLE,867,0.0,0.0,0.0,NEUTRAL,0.42,0.575
1765744236,2025-12-14 21:30:36,btc-updown-15m-1765744200,IDLE,0.37,0.38,0.62,0.63,0.0,0.0,0,0,0.0,0.0,0.0,IDLE,864,0.0,0.0,0.0,NEUTRAL,0.371,0.626
1765744240,2025-12-14 21:30:40,btc-updown-15m-1765744200,IDLE,0.33,0.34,0.67,0.69,0.0,0.0,0,0,0.0,0.0,0.0,IDLE,861,0.0,0.0,0.0,NEUTRAL,0.332,0.686
1765744244,2025-12-14 21:30:44,btc-updown-15m-1765744200,IDLE,0.32,0.33,0.67,0.68,0.0,0.0,0,0,0.0,0.0,0.0,IDLE,856,0.0,0.0,0.0,NEUTRAL,0.325,0.675
1765744248,2025-12-14 21:30:48,btc-updown-15m-1765744200,IDLE,0.33,0.34,0.66,0.67,0.0,0.0,0,0,0.0,0.0,0.0,IDLE,853,0.0,0.0,0.0,NEUTRAL,0.335,0.665
1765744250,2025-12-14 21:30:50,btc-updown-15m-1765744200,IDLE,0.32,0.33,0.67,0.68,0.0,0.0,0,0,0.0,0.0,0.0,IDLE,849,0.0,0.0,0.0,NEUTRAL,0.33,0.67
1765744254,2025-12-14 21:30:54,btc-updown-15m-1765744200,IDLE,0.32,0.33,0.67,0.68,0.0,0.0,0,0,0.0,0.0,0.0,IDLE,846,0.0,0.0,0.0,NEUTRAL,0.33,0.67
1765744259,2025-12-14 21:30:59,btc-updown-15m-1765744200,IDLE,0.34,0.35,0.65,0.66,0.0,0.0,0,0,0.0,0.0,0.0,IDLE,841,0.0,0.0,0.0,NEUTRAL,0.342,0.658
1765744263,2025-12-14 21:31:03,btc-updown-15m-1765744200,IDLE,0.33,0.34,0.66,0.67,0.0,0.0,0,0,0.0,0.0,0.0,IDLE,837,0.0,0.0,0.0,NEUTRAL,0.33,0.669
1765744266,2025-12-14 21:31:06,btc-updown-15m-1765744200,IDLE,0.33,0.35,0.65,0.67,0.0,0.0,0,0,0.0,0.0,0.0,IDLE,834,0.0,0.0,0.0,NEUTRAL,0.332,0.667
1765744271,2025-12-14 21:31:11,btc-updown-15m-1765744200,IDLE,0.32,0.33,0.67,0.69,0.0,0.0,0,0,0.0,0.0,0.0,IDLE,829,0.0,0.0,0.0,NEUTRAL,0.325,0.684
1765744274,2025-12-14 21:31:14,btc-updown-15m-1765744200,IDLE,0.32,0.34,0.66,0.68,0.0,0.0,0,0,0.0,0.0,0.0,IDLE,826,0.0,0.0,0.0,NEUTRAL,0.33,0.671
1765744278,2025-12-14 21:31:18,btc-updown-15m-1765744200,IDLE,0.32,0.33,0.67,0.68,0.0,0.0,0,0,0.0,0.0,0.0,IDLE,823,0.0,0.0,0.0,NEUTRAL,0.32,0.68
1765744283,2025-12-14 21:31:23,btc-updown-15m-1765744200,IDLE,0.37,0.38,0.63,0.64,0.0,0.0,0,0,0.0,0.0,0.0,IDLE,817,0.0,0.0,0.0,NEUTRAL,0.373,0.634
1765744287,2025-12-14 21:31:27,btc-updown-15m-1765744200,IDLE,0.38,0.39,0.61,0.62,0.0,0.0,0,0,0.0,0.0,0.0,IDLE,814,0.0,0.0,0.0,NEUTRAL,0.383,0.616
1765744290,2025-12-14 21:31:30,btc-updown-15m-1765744200,IDLE,0.37,0.38,0.62,0.63,0.0,0.0,0,0,0.0,0.0,0.0,IDLE,810,0.0,0.0,0.0,NEUTRAL,0.371,0.62
1765744295,2025-12-14 21:31:35,btc-updown-15m-1765744200,IDLE,0.36,0.38,0.63,0.64,0.0,0.0,0,0,0.0,0.0,0.0,IDLE,805,0.0,0.0,0.0,NEUTRAL,0.369,0.637
1765744298,2025-12-14 21:31:38,btc-updown-15m-1765744200,IDLE,0.36,0.37,0.63,0.64,0.0,0.0,0,0,0.0,0.0,0.0,IDLE,801,0.0,0.0,0.0,NEUTRAL,0.36,0.64
1765744302,2025-12-14 21:31:42,btc-updown-15m-1765744200,IDLE,0.36,0.37,0.62,0.63,0.0,0.0,0,0,0.0,0.0,0.0,IDLE,798,0.0,0.0,0.0,NEUTRAL,0.363,0.63
1765744307,2025-12-14 21:31:47,btc-updown-15m-1765744200,IDLE,0.37,0.39,0.61,0.63,0.0,0.0,0,0,0.0,0.0,0.0,IDLE,793,0.0,0.0,0.0,NEUTRAL,0.379,0.621
1765744311,2025-12-14 21:31:51,btc-updown-15m-1765744200,IDLE,0.39,0.4,0.6,0.61,0.0,0.0,0,0,0.0,0.0,0.0,IDLE,790,0.0,0.0,0.0,NEUTRAL,0.39,0.61
1765744313,2025-12-14 21:31:53,btc-updown-15m-1765744200,IDLE,0.39,0.4,0.6,0.61,0.0,0.0,0,0,0.0,0.0,0.0,IDLE,786,0.0,0.0,0.0,NEUTRAL,0.393,0.606
1765744317,2025-12-14 21:31:57,btc-updown-15m-1765744200,IDLE,0.39,0.4,0.6,0.61,0.0,0.0,0,0,0.0,0.0,0.0,IDLE,783,0.0,0.0,0.0,NEUTRAL,0.393,0.607
1765744321,2025-12-14 21:32:01,btc-updown-15m-1765744200,IDLE,0.39,0.41,0.59,0.61,0.0,0.0,0,0,0.0,0.0,0.0,IDLE,778,0.0,0.0,0.0,NEUTRAL,0.392,0.61
1765744325,2025-12-14 21:32:05,btc-updown-15m-1765744200,IDLE,0.4,0.41,0.59,0.6,0.0,0.0,0,0,0.0,0.0,0.0,IDLE,776,0.0,0.0,0.0,NEUTRAL,0.401,0.594
1765744327,2025-12-14 21:32:07,btc-updown-15m-1765744200,IDLE,0.39,0.4,0.6,0.61,0.0,0.0,0,0,0.0,0.0,0.0,IDLE,773,0.0,0.0,0.0,NEUTRAL,0.397,0.603
1765744343,2025-12-14 21:32:23,btc-updown-15m-1765744200,IDLE,0.47,0.48,0.52,0.54,0.0,0.0,0,0,0.0,0.0,0.0,IDLE,758,0.0,0.0,0.0,NEUTRAL,0.472,0.533
1765744346,2025-12-14 21:32:26,btc-updown-15m-1765744200,IDLE,0.48,0.49,0.51,0.52,0.0,0.0,0,0,0.0,0.0,0.0,IDLE,754,0.0,0.0,0.0,NEUTRAL,0.482,0.518
1765744349,2025-12-14 21:32:29,btc-updown-15m-1765744200,IDLE,0.48,0.49,0.51,0.52,0.0,0.0,0,0,0.0,0.0,0.0,IDLE,751,0.0,0.0,0.0,NEUTRAL,0.481,0.519
1765744354,2025-12-14 21:32:34,btc-updown-15m-1765744200,IDLE,0.47,0.49,0.51,0.53,0.0,0.0,0,0,0.0,0.0,0.0,IDLE,746,0.0,0.0,0.0,NEUTRAL,0.474,0.526
1765744358,2025-12-14 21:32:38,btc-updown-15m-1765744200,IDLE,0.46,0.49,0.52,0.53,0.0,0.0,0,0,0.0,0.0,0.0,IDLE,743,0.0,0.0,0.0,NEUTRAL,0.473,0.526
1765744360,2025-12-14 21:32:40,btc-updown-15m-1765744200,IDLE,0.47,0.48,0.52,0.54,0.0,0.0,0,0,0.0,0.0,0.0,IDLE,739,0.0,0.0,0.0,NEUTRAL,0.47,0.532
1765744364,2025-12-14 21:32:44,btc-updown-15m-1765744200,IDLE,0.44,0.45,0.55,0.56,0.0,0.0,0,0,0.0,0.0,0.0,IDLE,736,0.0,0.0,0.0,NEUTRAL,0.44,0.559
1765744368,2025-12-14 21:32:48,btc-updown-15m-1765744200,IDLE,0.43,0.44,0.56,0.57,0.0,0.0,0,0,0.0,0.0,0.0,IDLE,731,0.0,0.0,0.0,NEUTRAL,0.437,0.563
1765744372,2025-12-14 21:32:52,btc-updown-15m-1765744200,IDLE,0.43,0.44,0.56,0.57,0.0,0.0,0,0,0.0,0.0,0.0,IDLE,728,0.0,0.0,0.0,NEUTRAL,0.437,0.563
1765744375,2025-12-14 21:32:55,btc-updown-15m-1765744200,IDLE,0.43,0.44,0.56,0.57,0.0,0.0,0,0,0.0,0.0,0.0,IDLE,725,0.0,0.0,0.0,NEUTRAL,0.44,0.56
1765744379,2025-12-14 21:32:59,btc-updown-15m-1765744200,IDLE,0.43,0.44,0.55,0.57,0.0,0.0,0,0,0.0,0.0,0.0,IDLE,722,0.0,0.0,0.0,NEUTRAL,0.439,0.562
1765744384,2025-12-14 21:33:04,btc-updown-15m-1765744200,IDLE,0.42,0.43,0.57,0.58,0.0,0.0,0,0,0.0,0.0,0.0,IDLE,716,0.0,0.0,0.0,NEUTRAL,0.43,0.572
1765744387,2025-12-14 21:33:07,btc-updown-15m-1765744200,IDLE,0.42,0.43,0.57,0.58,0.0,0.0,0,0,0.0,0.0,0.0,IDLE,713,0.0,0.0,0.0,NEUTRAL,0.422,0.58
1765744391,2025-12-14 21:33:11,btc-updown-15m-1765744200,IDLE,0.41,0.42,0.58,0.59,0.0,0.0,0,0,0.0,0.0,0.0,IDLE,710,0.0,0.0,0.0,NEUTRAL,0.42,0.58
1765744395,2025-12-14 21:33:15,btc-updown-15m-1765744200,IDLE,0.41,0.42,0.58,0.59,0.0,0.0,0,0,0.0,0.0,0.0,IDLE,705,0.0,0.0,0.0,NEUTRAL,0.42,0.58
1765744399,2025-12-14 21:33:19,btc-updown-15m-1765744200,IDLE,0.41,0.42,0.58,0.59,0.0,0.0,0,0,0.0,0.0,0.0,IDLE,702,0.0,0.0,0.0,NEUTRAL,0.42,0.58
1765744402,2025-12-14 21:33:22,btc-updown-15m-1765744200,IDLE,0.42,0.43,0.57,0.58,0.0,0.0,0,0,0.0,0.0,0.0,IDLE,698,0.0,0.0,0.0,NEUTRAL,0.43,0.57
1765744406,2025-12-14 21:33:26,btc-updown-15m-1765744200,IDLE,0.42,0.44,0.56,0.58,0.0,0.0,0,0,0.0,0.0,0.0,IDLE,695,0.0,0.0,0.0,NEUTRAL,0.438,0.562
1765744410,2025-12-14 21:33:30,btc-updown-15m-1765744200,IDLE,0.44,0.45,0.55,0.57,0.0,0.0,0,0,0.0,0.0,0.0,IDLE,690,0.0,0.0,0.0,NEUTRAL,0.44,0.557
1765744414,2025-12-14 21:33:34,btc-updown-15m-1765744200,IDLE,0.43,0.44,0.56,0.57,0.0,0.0,0,0,0.0,0.0,0.0,IDLE,687,0.0,0.0,0.0,NEUTRAL,0.44,0.56
1765744416,2025-12-14 21:33:36,btc-updown-15m-1765744200,IDLE,0.45,0.46,0.54,0.55,0.0,0.0,0,0,0.0,0.0,0.0,IDLE,683,0.0,0.0,0.0,NEUTRAL,0.452,0.548
1765744420,2025-12-14 21:33:40,btc-updown-15m-1765744200,IDLE,0.45,0.46,0.54,0.55,0.0,0.0,0,0,0.0,0.0,0.0,IDLE,681,0.0,0.0,0.0,NEUTRAL,0.454,0.546
1765744424,2025-12-14 21:33:44,btc-updown-15m-1765744200,IDLE,0.45,0.46,0.54,0.55,0.0,0.0,0,0,0.0,0.0,0.0,IDLE,676,0.0,0.0,0.0,NEUTRAL,0.455,0.545
1765744428,2025-12-14 21:33:48,btc-updown-15m-1765744200,IDLE,0.43,0.44,0.55,0.57,0.0,0.0,0,0,0.0,0.0,0.0,IDLE,673,0.0,0.0,0.0,NEUTRAL,0.44,0.559
1765744430,2025-12-14 21:33:50,btc-updown-15m-1765744200,IDLE,0.44,0.45,0.55,0.56,0.0,0.0,0,0,0.0,0.0,0.0,IDLE,669,0.0,0.0,0.0,NEUTRAL,0.441,0.559
1765744434,2025-12-14 21:33:54,btc-updown-15m-1765744200,IDLE,0.44,0.45,0.55,0.56,0.0,0.0,0,0,0.0,0.0,0.0,IDLE,667,0.0,0.0,0.0,NEUTRAL,0.441,0.559
1765744438,2025-12-14 21:33:58,btc-updown-15m-1765744200,IDLE,0.43,0.44,0.56,0.57,0.0,0.0,0,0,0.0,0.0,0.0,IDLE,662,0.0,0.0,0.0,NEUTRAL,0.437,0.563
1765744442,2025-12-14 21:34:02,btc-updown-15m-1765744200,IDLE,0.43,0.44,0.56,0.57,0.0,0.0,0,0,0.0,0.0,0.0,IDLE,659,0.0,0.0,0.0,NEUTRAL,0.44,0.562
1765744444,2025-12-14 21:34:04,btc-updown-15m-1765744200,IDLE,0.46,0.47,0.53,0.54,0.0,0.0,0,0,0.0,0.0,0.0,IDLE,655,0.0,0.0,0.0,NEUTRAL,0.467,0.533
1765744448,2025-12-14 21:34:08,btc-updown-15m-1765744200,IDLE,0.46,0.47,0.53,0.54,0.0,0.0,0,0,0.0,0.0,0.0,IDLE,652,0.0,0.0,0.0,NEUTRAL,0.47,0.53
1765744452,2025-12-14 21:34:12,btc-updown-15m-1765744200,IDLE,0.47,0.48,0.52,0.53,0.0,0.0,0,0,0.0,0.0,0.0,IDLE,647,0.0,0.0,0.0,NEUTRAL,0.47,0.53
1765744456,2025-12-14 21:34:16,btc-updown-15m-1765744200,IDLE,0.47,0.49,0.51,0.52,0.0,0.0,0,0,0.0,0.0,0.0,IDLE,645,0.0,0.0,0.0,NEUTRAL,0.47,0.52
1765744458,2025-12-14 21:34:18,btc-updown-15m-1765744200,IDLE,0.46,0.47,0.53,0.54,0.0,0.0,0,0,0.0,0.0,0.0,IDLE,641,0.0,0.0,0.0,NEUTRAL,0.467,0.533
1765744462,2025-12-14 21:34:22,btc-updown-15m-1765744200,IDLE,0.45,0.46,0.54,0.55,0.0,0.0,0,0,0.0,0.0,0.0,IDLE,639,0.0,0.0,0.0,NEUTRAL,0.46,0.54
1765744467,2025-12-14 21:34:27,btc-updown-15m-1765744200,IDLE,0.45,0.46,0.54,0.55,0.0,0.0,0,0,0.0,0.0,0.0,IDLE,633,0.0,0.0,0.0,NEUTRAL,0.458,0.54
1765744629,2025-12-14 21:37:09,btc-updown-15m-1765744200,IDLE,0.46,0.47,0.52,0.53,0.0,0.0,0,0,0.0,0.0,0.0,IDLE,472,88664.49,0.0,0.0,NEUTRAL,0.464,0.521
1765744632,2025-12-14 21:37:12,btc-updown-15m-1765744200,IDLE,0.45,0.48,0.52,0.55,0.0,0.0,0,0,0.0,0.0,0.0,IDLE,468,88663.55,0.0,0.0,NEUTRAL,0.475,0.525
1765744636,2025-12-14 21:37:16,btc-updown-15m-1765744200,IDLE,0.34,0.37,0.64,0.67,0.0,0.0,0,0,0.0,0.0,0.0,IDLE,465,88663.55,0.0,0.0,NEUTRAL,0.345,0.649
1765744641,2025-12-14 21:37:21,btc-updown-15m-1765744200,IDLE,0.41,0.51,0.46,0.49,0.0,0.0,0,0,0.0,0.0,0.0,IDLE,460,88663.55,0.0,0.0,NEUTRAL,0.424,0.464
1765744644,2025-12-14 21:37:24,btc-updown-15m-1765744200,IDLE,0.53,0.55,0.46,0.47,0.0,0.0,0,0,0.0,0.0,0.0,IDLE,456,88678.71,0.0,0.0,NEUTRAL,0.531,0.47
1765744648,2025-12-14 21:37:28,btc-updown-15m-1765744200,IDLE,0.53,0.54,0.46,0.47,0.0,0.0,0,0,0.0,0.0,0.0,IDLE,453,88678.71,0.0,0.0,NEUTRAL,0.537,0.461
1765744653,2025-12-14 21:37:33,btc-updown-15m-1765744200,IDLE,0.53,0.54,0.46,0.47,0.0,0.0,0,0,0.0,0.0,0.0,IDLE,447,88678.71,0.0,0.0,NEUTRAL,0.539,0.462
1765744656,2025-12-14 21:37:36,btc-updown-15m-1765744200,IDLE,0.65,0.66,0.33,0.34,0.0,0.0,0,0,0.0,0.0,0.0,IDLE,444,88680.18,0.0,0.0,NEUTRAL,0.656,0.338
1765744660,2025-12-14 21:37:40,btc-updown-15m-1765744200,IDLE,0.7,0.71,0.29,0.3,0.0,0.0,0,0,0.0,0.0,0.0,IDLE,441,88680.18,0.0,0.0,NEUTRAL,0.7,0.3
1765744666,2025-12-14 21:37:46,btc-updown-15m-1765744200,IDLE,0.68,0.69,0.31,0.32,0.0,0.0,0,0,0.0,0.0,0.0,IDLE,435,88714.13,0.0,0.0,NEUTRAL,0.684,0.312
1765744670,2025-12-14 21:37:50,btc-updown-15m-1765744200,IDLE,0.68,0.69,0.31,0.32,0.0,0.0,0,0,0.0,0.0,0.0,IDLE,431,88714.13,0.0,0.0,NEUTRAL,0.69,0.31
1765744673,2025-12-14 21:37:53,btc-updown-15m-1765744200,IDLE,0.7,0.72,0.28,0.3,0.0,0.0,0,0,0.0,0.0,0.0,IDLE,427,88714.13,0.0,0.0,NEUTRAL,0.703,0.297
1765744679,2025-12-14 21:37:59,btc-updown-15m-1765744200,IDLE,0.7,0.72,0.28,0.3,0.0,0.0,0,0,0.0,0.0,0.0,IDLE,422,88720.41,0.0,0.0,NEUTRAL,0.71,0.289
1765744682,2025-12-14 21:38:02,btc-updown-15m-1765744200,IDLE,0.67,0.68,0.31,0.34,0.0,0.0,0,0,0.0,0.0,0.0,IDLE,418,88720.41,0.0,0.0,NEUTRAL,0.677,0.313
1765744686,2025-12-14 21:38:06,btc-updown-15m-1765744200,IDLE,0.66,0.67,0.33,0.34,0.0,0.0,0,0,0.0,0.0,0.0,IDLE,414,88720.41,0.0,0.0,NEUTRAL,0.67,0.33
1765744691,2025-12-14 21:38:11,btc-updown-15m-1765744200,IDLE,0.67,0.69,0.31,0.32,0.0,0.0,0,0,0.0,0.0,0.0,IDLE,409,88709.57,0.0,0.0,NEUTRAL,0.671,0.312
1765744695,2025-12-14 21:38:15,btc-updown-15m-1765744200,IDLE,0.71,0.72,0.28,0.29,0.0,0.0,0,0,0.0,0.0,0.0,IDLE,405,88709.57,0.0,0.0,NEUTRAL,0.711,0.288
1765744699,2025-12-14 21:38:19,btc-updown-15m-1765744200,IDLE,0.72,0.73,0.27,0.28,0.0,0.0,0,0,0.0,0.0,0.0,IDLE,402,88709.57,0.0,0.0,NEUTRAL,0.728,0.27
1765744704,2025-12-14 21:38:24,btc-updown-15m-1765744200,IDLE,0.74,0.76,0.26,0.27,0.0,0.0,0,0,0.0,0.0,0.0,IDLE,397,88717.97,0.0,0.0,NEUTRAL,0.747,0.261
1765744707,2025-12-14 21:38:27,btc-updown-15m-1765744200,IDLE,0.74,0.76,0.24,0.26,0.0,0.0,0,0,0.0,0.0,0.0,IDLE,393,88717.97,0.0,0.0,NEUTRAL,0.752,0.241
1765744711,2025-12-14 21:38:31,btc-updown-15m-1765744200,IDLE,0.74,0.75,0.26,0.27,0.0,0.0,0,0,0.0,0.0,0.0,IDLE,389,88717.97,0.0,0.0,NEUTRAL,0.741,0.262
1765744716,2025-12-14 21:38:36,btc-updown-15m-1765744200,IDLE,0.77,0.79,0.21,0.23,0.0,0.0,0,0,0.0,0.0,0.0,IDLE,384,88731.68,0.0,0.0,NEUTRAL,0.772,0.229
1765744720,2025-12-14 21:38:40,btc-updown-15m-1765744200,IDLE,0.79,0.8,0.2,0.21,0.0,0.0,0,0,0.0,0.0,0.0,IDLE,380,88731.68,0.0,0.0,NEUTRAL,0.79,0.21
